{
  "name": "angular-aria",
  "version": "1.5.0",
  "license": "MIT",
  "main": "./angular-aria.js",
  "ignore": [],
  "dependencies": {
    "angular": "1.5.0"
  },
  "homepage": "https://github.com/angular/bower-angular-aria",
  "_release": "1.5.0",
  "_resolution": {
    "type": "version",
    "tag": "v1.5.0",
    "commit": "39f42383b9607ba9750da5212ec66998a0f5577e"
  },
  "_source": "git://github.com/angular/bower-angular-aria.git",
  "_target": "^1.4.8",
  "_originalSource": "angular-aria"
}