{
  "name": "angular-material",
  "version": "1.0.6",
  "license": "MIT",
  "ignore": [],
  "dependencies": {
    "angular": "^1.4.8",
    "angular-animate": "^1.4.8",
    "angular-aria": "^1.4.8",
    "angular-messages": "^1.4.8"
  },
  "main": [
    "angular-material.js",
    "angular-material.css"
  ],
  "homepage": "https://github.com/angular/bower-material",
  "_release": "1.0.6",
  "_resolution": {
    "type": "version",
    "tag": "v1.0.6",
    "commit": "255db6741e91c0a24e8481c6739cce8778c1b365"
  },
  "_source": "git://github.com/angular/bower-material.git",
  "_target": "^1.0.6",
  "_originalSource": "angular-material"
}