{
  "name": "angular-messages",
  "version": "1.5.0",
  "license": "MIT",
  "main": "./angular-messages.js",
  "ignore": [],
  "dependencies": {
    "angular": "1.5.0"
  },
  "homepage": "https://github.com/angular/bower-angular-messages",
  "_release": "1.5.0",
  "_resolution": {
    "type": "version",
    "tag": "v1.5.0",
    "commit": "d6b6fa907ff760f178fab722f72200a7a06602e6"
  },
  "_source": "git://github.com/angular/bower-angular-messages.git",
  "_target": "^1.4.8",
  "_originalSource": "angular-messages"
}